Well,Sample Name,Barcode/Index Sequence,,Reverse Complement,Investigator Sample Name,
A:4,153496,TATAGCCT.GAGATTCC,,GGAATCTCAGGCTATA,03ACO623,K
B:4,153497,ATAGAGGC.GAGATTCC,,GGAATCTCGCCTCTAT,08ACO623,M
C:4,153498,CCTATCCT.GAGATTCC,,GGAATCTCAGGATAGG,10ACO623,J
D:4,153499,GGCTCTGA.GAGATTCC,,GGAATCTCTCAGAGCC,11ACO623,P
E:4,153500,AGGCGAAG.GAGATTCC,,GGAATCTCCTTCGCCT,12ACO623,L
F:4,153501,TAATCTTA.GAGATTCC,,GGAATCTCTAAGATTA,13ACO623,O
G:4,153502,CAGGACGT.GAGATTCC,,GGAATCTCACGTCCTG,01AIS615,I
H:4,153503,GTACTGAC.GAGATTCC,,GGAATCTCGTCAGTAC,04AIS615,N
C:5,153506,CCTATCCT.ATTCAGAA,,TTCTGAATAGGATAGG,08AIS615,R
A:5,153504,TATAGCCT.ATTCAGAA,,TTCTGAATAGGCTATA,05AIS615,S
B:5,153505,ATAGAGGC.ATTCAGAA,,TTCTGAATGCCTCTAT,07AIS615,U
D:5,153507,GGCTCTGA.ATTCAGAA,,TTCTGAATTCAGAGCC,16AIS615,X
A:6,153512,TATAGCCT.GAATTCGT,,ACGAATTC.AGGCTATA,09AJE616,C
B:6,153513,ATAGAGGC.GAATTCGT,,ACGAATTCGCCTCTAT,11AJE616,E
G:5,153510,CAGGACGT.ATTCAGAA,,TTCTGAATACGTCCTG,04AJE616,Q
E:5,153508,AGGCGAAG.ATTCAGAA,,TTCTGAATCTTCGCCT,01AJE616,T
H:5,153511,GTACTGAC.ATTCAGAA,,TTCTGAATGTCAGTAC,06AJE616,V
F:5,153509,TAATCTTA.ATTCAGAA,,TTCTGAATTAAGATTA,03AJE616,W
G:6,153518,CAGGACGT.GAATTCGT,,ACGAATTC.ACGTCCTG,15ASW709,A
C:6,153514,CCTATCCT.GAATTCGT,,ACGAATTC.AGGATAGG,03ASW79,B
E:6,153516,AGGCGAAG.GAATTCGT,,ACGAATTCCTTCGCCT,05ASW709,D
H:6,153519,GTACTGAC.GAATTCGT,,ACGAATTCGTCAGTAC,17ASW709,F
F:6,153517,TAATCTTA.GAATTCGT,,ACGAATTCTAAGATTA,07ASW709,G
D:6,153515,GGCTCTGA.GAATTCGT,,ACGAATTCTCAGAGCC,04ASW709,H